{
  "QTDB": {
    "accuracy": 0.9602614710045688,
    "precision": 0.7145924893917377,
    "recall": 0.9005196909325303,
    "f1": 0.7701671602171579,
    "sensitivity": {
      "N": 0.9653263797493266,
      "S": 0.6528150134048257,
      "V": 0.941627358490566,
      "F": 0.9442231075697212,
      "Q": 0.9986065954482118
    },
    "specificity": {
      "N": 0.9281115879828327,
      "S": 0.9951639910539689,
      "V": 0.9721469065812176,
      "F": 0.996976062417765,
      "Q": 0.9999645975926363
    }
  }
}