{
  "QTDB": {
    "accuracy": 0.9535865950076531,
    "precision": 0.6742290678210707,
    "recall": 0.9210243892676193,
    "f1": 0.7595857168290829,
    "sensitivity": {
      "N": 0.9558554015325764,
      "S": 0.7654155495978552,
      "V": 0.9569575471698113,
      "F": 0.9282868525896414,
      "Q": 0.9986065954482118
    },
    "specificity": {
      "N": 0.9554721030042919,
      "S": 0.9923420100467207,
      "V": 0.9710553188492552,
      "F": 0.9974377322776482,
      "Q": 0.9947840453150815
    }
  }
}