{
  "QTDB": {
    "accuracy": 0.9587883949224909,
    "precision": 0.7826752204985262,
    "recall": 0.8740529934341812,
    "f1": 0.7972258928003207,
    "sensitivity": {
      "N": 0.9654493794664273,
      "S": 0.5656836461126006,
      "V": 0.9445754716981132,
      "F": 0.896414342629482,
      "Q": 0.9981421272642824
    },
    "specificity": {
      "N": 0.8928826895565093,
      "S": 0.9978103300898116,
      "V": 0.9682735307581253,
      "F": 0.9990651185337365,
      "Q": 0.9998701911729998
    }
  }
}